{
  "summaryCards": [
    { "title": "Total Count", "value": 1234 },
    { "title": "Total Open", "value": 567 },
    { "title": "Total Closed", "value": 678 },
    { "title": "Total Changes", "value": 89 }
  ],
  "incidentsByMonth": [
    { "month": "Jan 23", "total": 167 },
    { "month": "Feb 23", "total": 145 },
    { "month": "Mar 23", "total": 189 },
    { "month": "Apr 23", "total": 156 },
    { "month": "May 23", "total": 201 },
    { "month": "Jun 23", "total": 178 },
    { "month": "Jul 23", "total": 184 },
    { "month": "Aug 23", "total": 169 },
    { "month": "Sep 23", "total": 192 },
    { "month": "Oct 23", "total": 173 },
    { "month": "Nov 23", "total": 155 },
    { "month": "Dec 23", "total": 187 }
  ],
  "incidents": [
    {
      "id": "INC001",
      "portfolio": "IT",
      "department": "Support",
      "team": "Helpdesk",
      "manager": "John Doe",
      "assignedTo": "Jane Smith",
      "state": "Open",
      "slaStatus": "On Track",
      "problem": "Software",
      "change": "No",
      "opened": "2023-12-01",
      "closed": ""
    },
    {
      "id": "INC002",
      "portfolio": "HR",
      "department": "Recruitment",
      "team": "Talent Acquisition",
      "manager": "Alice Johnson",
      "assignedTo": "Bob Williams",
      "state": "Closed",
      "slaStatus": "Met",
      "problem": "Hardware",
      "change": "Yes",
      "opened": "2023-11-15",
      "closed": "2023-11-20"
    },
    {
      "id": "INC003",
      "portfolio": "Finance",
      "department": "Accounting",
      "team": "Payroll",
      "manager": "Charlie Brown",
      "assignedTo": "Diana Prince",
      "state": "In Progress",
      "slaStatus": "At Risk",
      "problem": "Network",
      "change": "No",
      "opened": "2023-12-05",
      "closed": ""
    },
    {
      "id": "INC004",
      "portfolio": "Marketing",
      "department": "Digital",
      "team": "Social Media",
      "manager": "Eva Green",
      "assignedTo": "Frank Castle",
      "state": "On Hold",
      "slaStatus": "Breached",
      "problem": "Application",
      "change": "Yes",
      "opened": "2023-11-28",
      "closed": ""
    },
    {
      "id": "INC005",
      "portfolio": "Operations",
      "department": "Logistics",
      "team": "Warehouse",
      "manager": "George Lucas",
      "assignedTo": "Han Solo",
      "state": "Resolved",
      "slaStatus": "Met",
      "problem": "Hardware",
      "change": "No",
      "opened": "2023-12-02",
      "closed": "2023-12-04"
    }
  ],
  "filterOptions": {
    "portfolio": ["IT", "HR", "Finance", "Marketing", "Operations"],
    "department": ["Support", "Recruitment", "Accounting", "Digital", "Logistics"],
    "team": ["Helpdesk", "Talent Acquisition", "Payroll", "Social Media", "Warehouse"],
    "manager": ["John Doe", "Alice Johnson", "Charlie Brown", "Eva Green", "George Lucas"],
    "assignedTo": ["Jane Smith", "Bob Williams", "Diana Prince", "Frank Castle", "Han Solo"],
    "state": ["Open", "Closed", "In Progress", "On Hold", "Resolved"],
    "slaStatus": ["On Track", "At Risk", "Breached", "Met"],
    "problem": ["Software", "Hardware", "Network", "Application"],
    "change": ["Yes", "No"]
  }
}

